{"cameraMode":{"drawMode":0,"name":"Shaded","section":"Shading Mode"},"sceneLighting":false,"audioPlay":false,"sceneViewState":{"m_AlwaysRefresh":false,"showFog":true,"showSkybox":false,"showFlares":true,"showImageEffects":true,"showParticleSystems":true,"showVisualEffectGraphs":true,"m_FxEnabled":true},"in2DMode":false,"pivot":{"x":-1.9688584804534913,"y":0.5130621790885925,"z":-1.159999966621399},"rotation":{"x":0.3194441795349121,"y":-0.059650857001543048,"z":0.02015574462711811,"w":0.9455203413963318},"size":1.061610460281372,"orthographic":false}